file,changes
datasets\raw_docs\education\lesson_plans\A199 - Nguyen Minh Kiet - 20_5_2023.md,1
datasets\raw_docs\education\lesson_plans\Copy of Daklak(1).md,5
datasets\raw_docs\education\lesson_plans\Copy of Daklak(2).md,8
datasets\raw_docs\education\lesson_plans\Due 14_2_2025 Writing - HW.md,1
datasets\raw_docs\education\lesson_plans\HG.md,1
datasets\raw_docs\education\lesson_plans\LNY HW - Writing.md,2
datasets\raw_docs\education\lesson_plans\MOCK TEST.md,1
datasets\raw_docs\education\lesson_plans\nostalgic documents.md,8
datasets\raw_docs\education\lesson_plans\Version 2 of LNY HOMEWORK (WRITING) look at.md,2
datasets\raw_docs\education\lesson_plans\ĐỀ ĐỀ XUẤT DHBB 2023 K11 - (HDC).md,7
datasets\raw_docs\student\essays\A199 - Nguyen Minh Kiet (Water + Old people).md,2
datasets\raw_docs\student\essays\A199 - Nguyen Minh Kiet - Government and Society.md,1
datasets\raw_docs\student\essays\copy for myself.md,1
datasets\raw_docs\student\essays\DH24.md,1
datasets\raw_docs\student\essays\Nguyen Minh Kiet - A199.md,1
datasets\raw_docs\student\essays\Writing (first session).md,2
